{"cameraMode":{"drawMode":0,"name":"Shaded","section":"Shading Mode"},"sceneLighting":true,"audioPlay":false,"sceneViewState":{"showFog":true,"showMaterialUpdate":false,"showSkybox":true,"showFlares":true,"showImageEffects":true,"showParticleSystems":true},"in2DMode":false,"pivot":{"x":3.178943395614624,"y":-5.7111124992370609,"z":-0.08429144322872162},"rotation":{"x":-0.0654609426856041,"y":0.9345155954360962,"z":-0.2439136803150177,"w":-0.25080302357673647},"size":48.90668869018555,"orthographic":false}